title;year
Terrible Joe Moran;1984
The Court-Martial of Jackie Robinson;1990
In Our Garden;2002
Two: The Story of Roman & Nyro;2013
Polskie gówno;2014
My Own Man;2014
Moving Alan;2003
Michael Laudrup - en Fodboldspiller;1993
Honky;1971
Blueberry Hill;1989
Pleasure Palace;1980
Terror on the 40th Floor;1974
My Boyfriend's Back;1993
One Night Only;2016
Doli Saja Ke Rakhna;1998
The Dead Lands;2014
C'mon, Let's Live a Little;1967
Twins from Texas;1964
Señorita Justice;2004
Red Victoria;2008
Vaastupurush;2002
L'uomo della carità;2007
The Big Fall;1997
Wolves In The Snow;2002
Amazon Falls;2010
Dark Tides;1998
The Ritual;2017
The Expedition;1962
Chinese Boxes;1984
The Near Room;1995
Filmage: The Story of Descendents/All;2013
About Sarah;1998
Swallows and Amazons;2016
Ready Player One;2018
Ride in a Pink Car;1974
Disaster Playground;2015
Nice Guy;2012
KillerSaurus;2015
Viva;2015
Hyena Road;2015
Asphalt Angels;2014
Fakta Ladh Mhana;2011
Man Crazy;1953
Roger la Honte;1946
Yedyanchi Jatra;2012
Dhadakebaaz;1990
Ittefaq;2017
Elämältä kaiken sain;2015
Dil Kya Kare;1999
Monk by Blood;2013
I Am Syd Stone;2014
Alone With People;2014
Le strelle nel fosso;1979
38 Parrots;1976–1991
The Adventures of Sherlock Holmes and Doctor Watson;1980
Amigo Undead;2015
The Republic ;2015
A Dark Place Inside;2014
She Who Must Burn;2015
A Fare to Remember;1999
The Code;2009
Unlocking the Cage;2016
Nocturnal Animals;2016
101次求婚;1996
The Frog Prince;1986
Vrijdag;1980
Aimy in a Cage;2015
Trophy Kids;2013
Jasne Błękitne Okna;2007
Beauty and the Breast;2002
Hundra;1983
Holy Hell;2016
Veljet;1991
Pyaar Tune Kya Kiya;2014–
Vous êtes très jolie, mademoiselle;2014
Main Madhuri Dixit Banna Chahti Hoon!;2003
Dhund: The Fog;2003
The Grave Digger;2018
Vaastu Shastra;2004
Vogelfrei;2007
Family Film;2015
Normaal: Ik Kom Altied Weer Terug;2001
Recto / verso;1999
Sins of the mind;1997
Kshanam;2016
Pawn's Move;2011
If These Knishes Could Talk: The Story of the NY Accent;2013
Mapplethorpe: Look at the Pictures;2016
Absent Minded;2013
Paterson;2016
The Kid from Broken Gun;1952
Citizen King;2010
Anybody's Son Will Do;1983
The Identity Theft of Mitch Mustain;2013
6A;2016
Fant;1937
It's Only Money;1962
Freedom;2014
Back Home;2018
After Eden;2015
DEAD RISING : ENDGAME;2016
Friends and Romans;2014
Poor Devil;1973
They Will Have To Kill Us First;2015
Eat That Question: Frank Zappa in His Own Words;2016
Presenting Princess Shaw;2015
The Miki Howard Story;2016
Digital Dharma;2012
Tibetana;1970
Gleason;2016
Bazodee;2015
Moonlight;2016
California Winter;2012
The Houses Are Full of Smoke;1987
The Last Gold;2016
The Wounded Angel;2016
Scott Hall: Living on a Razor's Edge;2016
Bad Dad Rehab;2016
A Lovasíjász;2016
MamaBoy;2016
The Space Between;2016
El pejesapo;2007
Lo Sound Desert;2015
Set the Thames on Fire;2015
Dugma: The Button;2016
Amber Alert;2012
Pad Yatra: A Green Odyssey;2012
The Adventures of Cinderella's Daughter;2000
Always Faithful;2012
Angel Has Fallen;2019
Exchange;1967
Allende en su laberinto;2014
Dönersen Islık Çal;1993
Uno: The Movie;2016
The Women's Balcony;2016
Ulvova Mylläri;1982
Dolpo Tulku - Heimkehr in den Himalaya;2010
The OA;2016–2019
Freedom Road;1979
Hitler's Olympics;2016
Invention of Trust;2016
Secret Places;1984
Abbey Grace;2016
Third Guest;2016
American Sharia;2017
Red Wine in the Dark Night;2015
The Glass Castle;2017
Blindpassasjer;1978
The Lost World of Communism;2009–
Sequence Break;2017
Jedi Junior High;2014
Cosmos;1980
Unspeakable Horrors: The Plan 9 Conspiracy;2016
Maria Bamford: Old Baby;2017
Wet and Reckless;2013
Generation Iron 2;2017
Irwin & Fran 2013;2006
Shivering Trunks;2012
Falling Skies;2011–2015
Neither Wolf Nor Dog;2016
Philosophy: A Guide to Happiness;2000
Genesis;1998
I'm Not Here;2017
A Gray State;2017
Salad Fingers;2004–
Le Ride;2016
Selling God;2009
Elián;2017
Abduction;2011
S.W.A.T.: Under Siege;2017
All Superheroes Must Die 2: The Last Superhero;2016
The Misadventures of Rick and Morty;2015
Lauri Mäntyvaaran tuuheet ripset;2017
Aprel;2002
Subdue;1969
Black Mirror;2011–
What the Waters Left Behind;2017
Ascent to Hell;2014
Supercon;2018
In Search of Fellini;2017
The Stone;1992
Bigfoot in Europe: Sasquatch Encounters Abroad;2015
The Wayward Sun;2013
Abd El-Kader;2014
BlueGreen;2010
El Superstar;2008
I Am The Queen;2011
Injecting Aluminum;2017
Palestine Blues;2006
Pururambo;2005
Sprawling from Grace;2008
Teen a Go Go: A Little Film About Rock and Roll History;2012
The Lost City of Cecil B. DeMille;2016
Slumber;2017
Koudelka Shooting Holy Land;2015
The Book of Birdie;2017
Clementina;2017
My Brother Khosrow;2016
Doing time, Doing Vipassana;1997
Going for Broke;2003
Gutboy: A Badtime Story;2017
Kickoff;2011
S.M.A.R.T. Chase;2017
The End?;2017
3rd Night;2017
Mountain Fever;2017
Trauma;1993
Rigoletto;1993
Nebraska Supersonic;2001
Prosta historia o miłości;2010
Felix, Net i Nika oraz teoretycznie możliwa katastrofa;2012
Inoperable;2017
A Miracle on Christmas Lake;2016
No Ordinary Hero: The SuperDeafy Movie;2013
Rooster: Spurs of Death!;1978
The Moors Murders;1999–
Harvest;2011
Basmati Blues;2017
The Favourite;2018
Terminal;2018
Functional Fitness;2016
Heroine;2012
An Hour Behind;2017
A Grim Becoming;2014
The Body Tree;2017
Seat 25;2017
The Contender;2000
Zero;2018
MisLead: America's Secret Epidemic;2018
Sensitive: The Untold Story;2015
Taco Shop;2018
Fort Maria;2018
Secrets in the Fall;2015
Anthony Joshua: The Road to Klitschko;2017
No. 1 Chung Ying Street;2018
Diamond Dogs;2007
The Death & Life of John F. Donovan;2018
The Factory;2012
Higher Power;2018
Always at The Carlyle;2018
When Bette Met Mae;2014
Witch-Hunt;2017
Derrick J's Victimless Crime Spree;2012
Veras Mantel;2017
The Doctor From India;2018
Tau;2018
The Greenhorns;2010
Inheritance;2017
The Death of Superman;2018
Formentera Lady;2018
The Midnighters;2016
Mara;2018
A Triumph of the Heart: The Ricky Bell Story;1991
Poor Boy;2016
En Busca del Muñeco Perdido;2016
Rich Man, Poor Woman in New York;2013
New Neighbors, Old Fights;2015
Lottery;2018
Since;1966
Undercity;2010
Dansa först;2018
Ctrl+Alt+Dance;2015
Doubtful;2017
Parwaaz Hai Junoon;2018
Papi Chulo;2018
Wall;2013
A Kiss of Chaos;2009
Brian Banks;2018
Through Black Spruce;2018
The Body;2012
Menneskesmuglerne;2017
Star Wars: Dresca;2018
Marvel Mon Amour;2018
Dunkles, rätselhaftes Österreich;1994
Dalya's Other Country;2017
The Storyteller;1987–1989
Grand Unified Theory;2016
The Indecent Family;2013
Cradle to Grave;2015
BÚÉK;2014
Scarred But Smarter: Life N Times of Drivin N Cryin;2012
Polina;2016
The King;2019
The Machine Stops;2009
Paradise Hills;2019
The Perfect Date;2019
Wicked;1998
Uncharted: Drake's Fortune;2019
The Wedding Year;2019
A Rainy Day in New York;2019
Pathey Holo Deri;1957
Underneath;2015
The Art of McCartney;2014
Romeo Akbar Walter;2019
The Man with Half a Body;2010
Anatolian Trip;2018
The Guy Who Didn't Like Musicals;2018
A Place of Truth;2013
Мiсто, в якому не ходять грошi;2019
D-Day: The Total Story;1994
Kid Brother;2017
The Saint Lies In Wait;1966
Kopy Kings;2016
RWBY: Volume 5;2018
Tenth of a Second;1987
Time of tears;1987
Man's First Friend;2018
cursor;2016
Eli;2019
In the Tall Grass;2019
1013 Briar Lane;2009
Falling Inn Love;2019
The Fellowship of the Farmers;2017
Royal Shakespeare Company: The Tempest;2017
Egy másik életben;2019
Twice;1967
Chef vs. Science: The Ultimate Kitchen Challenge;2016
Hotel Camarillo;2019
The Evil Inside;2011
Along Came the Devil 2;2019
Liberia: An Uncivil War;2004
Luz;2018
Tales of Found Footage;2019
Enduring Destiny;2014
Punk the Capital: Building a Sound Movement;2019
Yosemite: The Fate of Heaven;1989
The Falklands War: The Untold Story;1987
